Title,Note,URL
恵比寿 いっちょかみ,,https://www.google.com/maps/place/%E6%81%B5%E6%AF%94%E5%AF%BF+%E3%81%84%E3%81%A3%E3%81%A1%E3%82%87%E3%81%8B%E3%81%BF/data=!4m2!3m1!1s0x60188bcb939eaa75:0x5dc62aee673a430
Grillマッシュ,,https://www.google.com/maps/place/Grill%E3%83%9E%E3%83%83%E3%82%B7%E3%83%A5/data=!4m2!3m1!1s0x60188b6b2d590bab:0x5ed43576ab4637fb
炭火焼 干物食堂 越後屋 喜八郎(えちごやきはちろう),,https://www.google.com/maps/place/%E7%82%AD%E7%81%AB%E7%84%BC+%E5%B9%B2%E7%89%A9%E9%A3%9F%E5%A0%82+%E8%B6%8A%E5%BE%8C%E5%B1%8B+%E5%96%9C%E5%85%AB%E9%83%8E(%E3%81%88%E3%81%A1%E3%81%94%E3%82%84%E3%81%8D%E3%81%AF%E3%81%A1%E3%82%8D%E3%81%86)/data=!4m2!3m1!1s0x60188b6abb8c2a39:0xafeb2b6ac1b23d21
LA ESQUINA,,https://www.google.com/maps/place/LA+ESQUINA/data=!4m2!3m1!1s0x60188b6a985caf07:0x14c40a637275df4e
アンクルトム,,https://www.google.com/maps/place/%E3%82%A2%E3%83%B3%E3%82%AF%E3%83%AB%E3%83%88%E3%83%A0/data=!4m2!3m1!1s0x60188b6a83419e81:0xd77b7575478207c5
瞠 恵比寿店,,https://www.google.com/maps/place/%E7%9E%A0+%E6%81%B5%E6%AF%94%E5%AF%BF%E5%BA%97/data=!4m2!3m1!1s0x60188b6a82064a21:0x650de74b63ef1280
Vendor New York （ベンダーニューヨーク）,,https://www.google.com/maps/place/Vendor+New+York+%EF%BC%88%E3%83%99%E3%83%B3%E3%83%80%E3%83%BC%E3%83%8B%E3%83%A5%E3%83%BC%E3%83%A8%E3%83%BC%E3%82%AF%EF%BC%89/data=!4m2!3m1!1s0x60188bccd47b058d:0x23d4d76327ba192a
AFURI 恵比寿,,https://www.google.com/maps/place/AFURI+%E6%81%B5%E6%AF%94%E5%AF%BF/data=!4m2!3m1!1s0x60188b41c5548b81:0xbb158bd909edb2d8
つじ田 恵比寿店,,https://www.google.com/maps/place/%E3%81%A4%E3%81%98%E7%94%B0+%E6%81%B5%E6%AF%94%E5%AF%BF%E5%BA%97/data=!4m2!3m1!1s0x60188b5bc8134a3d:0xdde17455936f71e6
つぶしたて焼き鳥おみっちゃん恵比寿店,,https://www.google.com/maps/place/%E3%81%A4%E3%81%B6%E3%81%97%E3%81%9F%E3%81%A6%E7%84%BC%E3%81%8D%E9%B3%A5%E3%81%8A%E3%81%BF%E3%81%A3%E3%81%A1%E3%82%83%E3%82%93%E6%81%B5%E6%AF%94%E5%AF%BF%E5%BA%97/data=!4m2!3m1!1s0x60188b40ee895555:0xad108d2270bff14d
MUSE BAR 恵比寿駅前本店,,https://www.google.com/maps/place/MUSE+BAR+%E6%81%B5%E6%AF%94%E5%AF%BF%E9%A7%85%E5%89%8D%E6%9C%AC%E5%BA%97/data=!4m2!3m1!1s0x60188b41b0c6c79f:0x46c19e8cc95368af
味噌らーめん 柿田川ひばり 恵比寿本店,,https://www.google.com/maps/place/%E5%91%B3%E5%99%8C%E3%82%89%E3%83%BC%E3%82%81%E3%82%93+%E6%9F%BF%E7%94%B0%E5%B7%9D%E3%81%B2%E3%81%B0%E3%82%8A+%E6%81%B5%E6%AF%94%E5%AF%BF%E6%9C%AC%E5%BA%97/data=!4m2!3m1!1s0x60188ba431602815:0x9081ded9ec1c28ca
恵比寿たいやきひいらぎ,,https://www.google.com/maps/place/%E6%81%B5%E6%AF%94%E5%AF%BF%E3%81%9F%E3%81%84%E3%82%84%E3%81%8D%E3%81%B2%E3%81%84%E3%82%89%E3%81%8E/data=!4m2!3m1!1s0x60188b6a82064a21:0x5315af40ee1785c8
香川一福 恵比寿店,,https://www.google.com/maps/place/%E9%A6%99%E5%B7%9D%E4%B8%80%E7%A6%8F+%E6%81%B5%E6%AF%94%E5%AF%BF%E5%BA%97/data=!4m2!3m1!1s0x60188b7609b54627:0x6bbd938c94731467
ミスタードーナツ 恵比寿西口ショップ,,https://www.google.com/maps/place/%E3%83%9F%E3%82%B9%E3%82%BF%E3%83%BC%E3%83%89%E3%83%BC%E3%83%8A%E3%83%84+%E6%81%B5%E6%AF%94%E5%AF%BF%E8%A5%BF%E5%8F%A3%E3%82%B7%E3%83%A7%E3%83%83%E3%83%97/data=!4m2!3m1!1s0x60188b00783664cf:0x3f180754b434387b
サブウェイ 恵比寿店,,https://www.google.com/maps/place/%E3%82%B5%E3%83%96%E3%82%A6%E3%82%A7%E3%82%A4+%E6%81%B5%E6%AF%94%E5%AF%BF%E5%BA%97/data=!4m2!3m1!1s0x60188b4024df6f49:0x2501378f8a693e93
名代 富士そば 恵比寿駅前店,,https://www.google.com/maps/place/%E5%90%8D%E4%BB%A3+%E5%AF%8C%E5%A3%AB%E3%81%9D%E3%81%B0+%E6%81%B5%E6%AF%94%E5%AF%BF%E9%A7%85%E5%89%8D%E5%BA%97/data=!4m2!3m1!1s0x60188b41ba74d7a3:0x3b77ad70f0fbe05d
生パスタ専門店 YAMADA PASTA,,https://www.google.com/maps/place/%E7%94%9F%E3%83%91%E3%82%B9%E3%82%BF%E5%B0%82%E9%96%80%E5%BA%97+YAMADA+PASTA/data=!4m2!3m1!1s0x60188bc84f703417:0x686389d413668a79
タイ料理 コンロウ 恵比寿,,https://www.google.com/maps/place/%E3%82%BF%E3%82%A4%E6%96%99%E7%90%86+%E3%82%B3%E3%83%B3%E3%83%AD%E3%82%A6+%E6%81%B5%E6%AF%94%E5%AF%BF/data=!4m2!3m1!1s0x60188b4a407eb45f:0x6230e157f86e974b
海南鶏飯食堂 恵比寿,,https://www.google.com/maps/place/%E6%B5%B7%E5%8D%97%E9%B6%8F%E9%A3%AF%E9%A3%9F%E5%A0%82+%E6%81%B5%E6%AF%94%E5%AF%BF/data=!4m2!3m1!1s0x60188b14d5033a73:0x7b7ed5d7e20f303b
肉汁餃子のダンダダン 恵比寿店,,https://www.google.com/maps/place/%E8%82%89%E6%B1%81%E9%A4%83%E5%AD%90%E3%81%AE%E3%83%80%E3%83%B3%E3%83%80%E3%83%80%E3%83%B3+%E6%81%B5%E6%AF%94%E5%AF%BF%E5%BA%97/data=!4m2!3m1!1s0x60188b698772e1a1:0xec681319c0fd4bda
美神鶏,,https://www.google.com/maps/place/%E7%BE%8E%E7%A5%9E%E9%B6%8F/data=!4m2!3m1!1s0x60188b4162e4bbbd:0xdb6cd7735f2825f1
荻窪中華そば春木屋 恵比寿店,,https://www.google.com/maps/place/%E8%8D%BB%E7%AA%AA%E4%B8%AD%E8%8F%AF%E3%81%9D%E3%81%B0%E6%98%A5%E6%9C%A8%E5%B1%8B+%E6%81%B5%E6%AF%94%E5%AF%BF%E5%BA%97/data=!4m2!3m1!1s0x60188b000c68ee37:0x3ed6d80826c96a32
マンジョッオヒャンジョッパル・ソベッチャカンジャンケジャン ebisu,,https://www.google.com/maps/place/%E3%83%9E%E3%83%B3%E3%82%B8%E3%83%A7%E3%83%83%E3%82%AA%E3%83%92%E3%83%A3%E3%83%B3%E3%82%B8%E3%83%A7%E3%83%83%E3%83%91%E3%83%AB%E3%83%BB%E3%82%BD%E3%83%99%E3%83%83%E3%83%81%E3%83%A3%E3%82%AB%E3%83%B3%E3%82%B8%E3%83%A3%E3%83%B3%E3%82%B1%E3%82%B8%E3%83%A3%E3%83%B3+ebisu/data=!4m2!3m1!1s0x60188b006e2b9a79:0x332a4f67dcab11f2
横浜家系ラーメン 町田商店 恵比寿東口店,,https://www.google.com/maps/place/%E6%A8%AA%E6%B5%9C%E5%AE%B6%E7%B3%BB%E3%83%A9%E3%83%BC%E3%83%A1%E3%83%B3+%E7%94%BA%E7%94%B0%E5%95%86%E5%BA%97+%E6%81%B5%E6%AF%94%E5%AF%BF%E6%9D%B1%E5%8F%A3%E5%BA%97/data=!4m2!3m1!1s0x60188b587c1a6989:0x81a8abf5eea4be20
cafe&dining nurikabe 恵比寿本店,,https://www.google.com/maps/place/cafe%26dining+nurikabe+%E6%81%B5%E6%AF%94%E5%AF%BF%E6%9C%AC%E5%BA%97/data=!4m2!3m1!1s0x60188b40d144e215:0x71f9d5a31a67ea34
串焼と酒 一佳,,https://www.google.com/maps/place/%E4%B8%B2%E7%84%BC%E3%81%A8%E9%85%92+%E4%B8%80%E4%BD%B3/data=!4m2!3m1!1s0x60188b6a8211eeb9:0xc9064296f913f983
長命うどん東京本店,,https://www.google.com/maps/place/%E9%95%B7%E5%91%BD%E3%81%86%E3%81%A9%E3%82%93%E6%9D%B1%E4%BA%AC%E6%9C%AC%E5%BA%97/data=!4m2!3m1!1s0x60188b47d0d932d3:0xa20a520d97c358b2
天丼てんや 恵比寿店,,https://www.google.com/maps/place/%E5%A4%A9%E4%B8%BC%E3%81%A6%E3%82%93%E3%82%84+%E6%81%B5%E6%AF%94%E5%AF%BF%E5%BA%97/data=!4m2!3m1!1s0x60188b41b607f03f:0x29afa6af5f1bd338
恵比寿グルメUMAMI,,https://www.google.com/maps/place/%E6%81%B5%E6%AF%94%E5%AF%BF%E3%82%B0%E3%83%AB%E3%83%A1UMAMI/data=!4m2!3m1!1s0x60188b3c211fdff3:0x7e07d5f4b47b01d8
恵比寿 カルフール,,https://www.google.com/maps/place/%E6%81%B5%E6%AF%94%E5%AF%BF+%E3%82%AB%E3%83%AB%E3%83%95%E3%83%BC%E3%83%AB/data=!4m2!3m1!1s0x60188b154cd81cc9:0x967646953b03bc40
恵比寿中島,,https://www.google.com/maps/place/%E6%81%B5%E6%AF%94%E5%AF%BF%E4%B8%AD%E5%B3%B6/data=!4m2!3m1!1s0x60188b412a8fd3f1:0x9f5704b58ca92867
新鮮焼肉ランボー 恵比寿店,,https://www.google.com/maps/place/%E6%96%B0%E9%AE%AE%E7%84%BC%E8%82%89%E3%83%A9%E3%83%B3%E3%83%9C%E3%83%BC+%E6%81%B5%E6%AF%94%E5%AF%BF%E5%BA%97/data=!4m2!3m1!1s0x60188b1525cb6c61:0xe5f125c749ff371e
がらく 本店,,https://www.google.com/maps/place/%E3%81%8C%E3%82%89%E3%81%8F+%E6%9C%AC%E5%BA%97/data=!4m2!3m1!1s0x60188b41c6354d75:0x7f64e42d9eb6c908
チビクロサンボ 恵比寿南,,https://www.google.com/maps/place/%E3%83%81%E3%83%93%E3%82%AF%E3%83%AD%E3%82%B5%E3%83%B3%E3%83%9C+%E6%81%B5%E6%AF%94%E5%AF%BF%E5%8D%97/data=!4m2!3m1!1s0x60188b40c0ab37f5:0xc89ca4053b93868b
恵比寿 肉バル Salt,,https://www.google.com/maps/place/%E6%81%B5%E6%AF%94%E5%AF%BF+%E8%82%89%E3%83%90%E3%83%AB+Salt/data=!4m2!3m1!1s0x60188b40ecf92fbb:0x9b3f10c83a7dc98b
Taberna de Espana FRAGANTE HUMO 恵比寿店,,https://www.google.com/maps/place/Taberna+de+Espana+FRAGANTE+HUMO+%E6%81%B5%E6%AF%94%E5%AF%BF%E5%BA%97/data=!4m2!3m1!1s0x60188b6aa8deaa37:0x1f4f0bf6425578ca
譚仔三哥米線恵比寿,,https://www.google.com/maps/place/%E8%AD%9A%E4%BB%94%E4%B8%89%E5%93%A5%E7%B1%B3%E7%B7%9A%E6%81%B5%E6%AF%94%E5%AF%BF/data=!4m2!3m1!1s0x60188b83a2b85297:0xf7c0f7a452a9a73b
サイゼリヤ 恵比寿駅東口店,,https://www.google.com/maps/place/%E3%82%B5%E3%82%A4%E3%82%BC%E3%83%AA%E3%83%A4+%E6%81%B5%E6%AF%94%E5%AF%BF%E9%A7%85%E6%9D%B1%E5%8F%A3%E5%BA%97/data=!4m2!3m1!1s0x60188b40031332ff:0xa4560ce09903fc8
SPANISH LOUNGE PARADOR パラドール,,https://www.google.com/maps/place/SPANISH+LOUNGE+PARADOR+%E3%83%91%E3%83%A9%E3%83%89%E3%83%BC%E3%83%AB/data=!4m2!3m1!1s0x60188b40c1d8a77b:0xe357134eefba41c8
貝鮮市場,,https://www.google.com/maps/place/%E8%B2%9D%E9%AE%AE%E5%B8%82%E5%A0%B4/data=!4m2!3m1!1s0x60188b41d3145d11:0xc096ad0c00371c73
カレーつけ麺 しゅういち 恵比寿店,,https://www.google.com/maps/place/%E3%82%AB%E3%83%AC%E3%83%BC%E3%81%A4%E3%81%91%E9%BA%BA+%E3%81%97%E3%82%85%E3%81%86%E3%81%84%E3%81%A1+%E6%81%B5%E6%AF%94%E5%AF%BF%E5%BA%97/data=!4m2!3m1!1s0x60188b411ae8fbf5:0x6c270c208ad79e9e
恵比寿餃子 大豊記 恵比寿本館,,https://www.google.com/maps/place/%E6%81%B5%E6%AF%94%E5%AF%BF%E9%A4%83%E5%AD%90+%E5%A4%A7%E8%B1%8A%E8%A8%98+%E6%81%B5%E6%AF%94%E5%AF%BF%E6%9C%AC%E9%A4%A8/data=!4m2!3m1!1s0x60188b4196700001:0x5a72f5eb47bbc1ef
ちょもらんま酒場 恵比寿東口店,,https://www.google.com/maps/place/%E3%81%A1%E3%82%87%E3%82%82%E3%82%89%E3%82%93%E3%81%BE%E9%85%92%E5%A0%B4+%E6%81%B5%E6%AF%94%E5%AF%BF%E6%9D%B1%E5%8F%A3%E5%BA%97/data=!4m2!3m1!1s0x60188b15312aa7fb:0x7b747a6e53bacf85
つるかめ 恵比寿店,,https://www.google.com/maps/place/%E3%81%A4%E3%82%8B%E3%81%8B%E3%82%81+%E6%81%B5%E6%AF%94%E5%AF%BF%E5%BA%97/data=!4m2!3m1!1s0x60188b15300d0aeb:0x1c066452ee4ccb48
FRIJOLES フリホーレス 恵比寿・代官山店,,https://www.google.com/maps/place/FRIJOLES+%E3%83%95%E3%83%AA%E3%83%9B%E3%83%BC%E3%83%AC%E3%82%B9+%E6%81%B5%E6%AF%94%E5%AF%BF%E3%83%BB%E4%BB%A3%E5%AE%98%E5%B1%B1%E5%BA%97/data=!4m2!3m1!1s0x60188b4441932f53:0xb21dfb0e69804181
居酒屋たまきんち,,https://www.google.com/maps/place/%E5%B1%85%E9%85%92%E5%B1%8B%E3%81%9F%E3%81%BE%E3%81%8D%E3%82%93%E3%81%A1/data=!4m2!3m1!1s0x60188b417a7c4abb:0xcdb874f97b7bbb07
和牛溶岩焼き空雅,,https://www.google.com/maps/place/%E5%92%8C%E7%89%9B%E6%BA%B6%E5%B2%A9%E7%84%BC%E3%81%8D%E7%A9%BA%E9%9B%85/data=!4m2!3m1!1s0x60188b43abe1ae05:0x6c617d71d2fe6c21
めし処 こづち,,https://www.google.com/maps/place/%E3%82%81%E3%81%97%E5%87%A6+%E3%81%93%E3%81%A5%E3%81%A1/data=!4m2!3m1!1s0x60188b41ccf53551:0x4dd710dd4f25ddb6
茶和CHA-WA,,https://www.google.com/maps/place/%E8%8C%B6%E5%92%8CCHA-WA/data=!4m2!3m1!1s0x60188b402391215b:0xd3b76e85360dff3e
つけ麺専門店 三田製麺所 恵比寿店,,https://www.google.com/maps/place/%E3%81%A4%E3%81%91%E9%BA%BA%E5%B0%82%E9%96%80%E5%BA%97+%E4%B8%89%E7%94%B0%E8%A3%BD%E9%BA%BA%E6%89%80+%E6%81%B5%E6%AF%94%E5%AF%BF%E5%BA%97/data=!4m2!3m1!1s0x60188b000901cf75:0xf9986d91f6a7cb87
薄皮餃子専門 渋谷餃子 恵比寿店,,https://www.google.com/maps/place/%E8%96%84%E7%9A%AE%E9%A4%83%E5%AD%90%E5%B0%82%E9%96%80+%E6%B8%8B%E8%B0%B7%E9%A4%83%E5%AD%90+%E6%81%B5%E6%AF%94%E5%AF%BF%E5%BA%97/data=!4m2!3m1!1s0x60188b40fe657077:0xa918ae52486778dc
餃子専門 八宝亭 恵比寿店,,https://www.google.com/maps/place/%E9%A4%83%E5%AD%90%E5%B0%82%E9%96%80+%E5%85%AB%E5%AE%9D%E4%BA%AD+%E6%81%B5%E6%AF%94%E5%AF%BF%E5%BA%97/data=!4m2!3m1!1s0x60188b478ffe7a17:0x4c5c7e138d3929d5
門,,https://www.google.com/maps/place/%E9%96%80/data=!4m2!3m1!1s0x60188b6aa7ba8d6d:0xd306d70e85af556f
イル ジェンティーレ,,https://www.google.com/maps/place/%E3%82%A4%E3%83%AB+%E3%82%B8%E3%82%A7%E3%83%B3%E3%83%86%E3%82%A3%E3%83%BC%E3%83%AC/data=!4m2!3m1!1s0x60188b40da974663:0x8cb98d0e359fa4cd
個室居酒屋 粋 恵比寿店,,https://www.google.com/maps/place/%E5%80%8B%E5%AE%A4%E5%B1%85%E9%85%92%E5%B1%8B+%E7%B2%8B+%E6%81%B5%E6%AF%94%E5%AF%BF%E5%BA%97/data=!4m2!3m1!1s0x60188b024289bac9:0x66de84ea10174559
海栄,,https://www.google.com/maps/place/%E6%B5%B7%E6%A0%84/data=!4m2!3m1!1s0x60188b40edfe830d:0xc08a520c1a943a81
カレーうどん千吉 恵比寿店,,https://www.google.com/maps/place/%E3%82%AB%E3%83%AC%E3%83%BC%E3%81%86%E3%81%A9%E3%82%93%E5%8D%83%E5%90%89+%E6%81%B5%E6%AF%94%E5%AF%BF%E5%BA%97/data=!4m2!3m1!1s0x60188b0739362ce1:0x3215ae4ae6b50917
磯丸水産 恵比寿西口店,,https://www.google.com/maps/place/%E7%A3%AF%E4%B8%B8%E6%B0%B4%E7%94%A3+%E6%81%B5%E6%AF%94%E5%AF%BF%E8%A5%BF%E5%8F%A3%E5%BA%97/data=!4m2!3m1!1s0x60188b40fb137e89:0xa3e45be0ddf01492
舞香,,https://www.google.com/maps/place/%E8%88%9E%E9%A6%99/data=!4m2!3m1!1s0x60188b43c19077a5:0x9812fac79e7188ad
タイ・イサーン料理ヤムヤム 恵比寿,,https://www.google.com/maps/place/%E3%82%BF%E3%82%A4%E3%83%BB%E3%82%A4%E3%82%B5%E3%83%BC%E3%83%B3%E6%96%99%E7%90%86%E3%83%A4%E3%83%A0%E3%83%A4%E3%83%A0+%E6%81%B5%E6%AF%94%E5%AF%BF/data=!4m2!3m1!1s0x60188bef88519185:0xc4bd102c6e4fe8ed
TANDOOR 恵比寿駅前店,,https://www.google.com/maps/place/TANDOOR+%E6%81%B5%E6%AF%94%E5%AF%BF%E9%A7%85%E5%89%8D%E5%BA%97/data=!4m2!3m1!1s0x60188b4104d9ad6f:0xe8789c3ff34550db
EBISU BANH MI BAKERY,,https://www.google.com/maps/place/EBISU+BANH+MI+BAKERY/data=!4m2!3m1!1s0x60188b41b0ec6637:0x91a8a2d9dafcfbed
土鍋炊ごはん なかよし 本店,,https://www.google.com/maps/place/%E5%9C%9F%E9%8D%8B%E7%82%8A%E3%81%94%E3%81%AF%E3%82%93+%E3%81%AA%E3%81%8B%E3%82%88%E3%81%97+%E6%9C%AC%E5%BA%97/data=!4m2!3m1!1s0x60188b500790b0c1:0xdb5a8531c46ba95f
藤門,,https://www.google.com/maps/place/%E8%97%A4%E9%96%80/data=!4m2!3m1!1s0x60188d53ac0253e3:0xb2278712396fa9c1
恵比寿ひむかテラス,,https://www.google.com/maps/place/%E6%81%B5%E6%AF%94%E5%AF%BF%E3%81%B2%E3%82%80%E3%81%8B%E3%83%86%E3%83%A9%E3%82%B9/data=!4m2!3m1!1s0x60188b1341372bc5:0xa1a0b5381a6840e0
居酒屋 佐藤,,https://www.google.com/maps/place/%E5%B1%85%E9%85%92%E5%B1%8B+%E4%BD%90%E8%97%A4/data=!4m2!3m1!1s0x60188b4112ed9581:0x9fe5e2816ef42740
もっとやるき 恵比寿店,,https://www.google.com/maps/place/%E3%82%82%E3%81%A3%E3%81%A8%E3%82%84%E3%82%8B%E3%81%8D+%E6%81%B5%E6%AF%94%E5%AF%BF%E5%BA%97/data=!4m2!3m1!1s0x60188b411a814ae3:0xa9c4867ae1a6c237
喫茶 銀座,,https://www.google.com/maps/place/%E5%96%AB%E8%8C%B6+%E9%8A%80%E5%BA%A7/data=!4m2!3m1!1s0x60188b40eef241af:0x545de8bb31f94055
恵比寿 和顔,,https://www.google.com/maps/place/%E6%81%B5%E6%AF%94%E5%AF%BF+%E5%92%8C%E9%A1%94/data=!4m2!3m1!1s0x60188b40e4690bb7:0x81f720524cbe768
四一一 はなれ,,https://www.google.com/maps/place/%E5%9B%9B%E4%B8%80%E4%B8%80+%E3%81%AF%E3%81%AA%E3%82%8C/data=!4m2!3m1!1s0x60188b3fff119c7f:0x1cc52b97f4449e9b
恵比寿 箸庵,,https://www.google.com/maps/place/%E6%81%B5%E6%AF%94%E5%AF%BF+%E7%AE%B8%E5%BA%B5/data=!4m2!3m1!1s0x60188b40626ef083:0xbe45e6a4303f3905
SONON,,https://www.google.com/maps/place/SONON/data=!4m2!3m1!1s0x60188b75f1c7cadf:0x610dbe6853c0588c
トーチ カフェ,提供遅め,https://www.google.com/maps/place/%E3%83%88%E3%83%BC%E3%83%81+%E3%82%AB%E3%83%95%E3%82%A7/data=!4m2!3m1!1s0x60188b40dbe21ecd:0x359e071854b360c8
ステーキのくいしんぼ 恵比寿店,脂っこいかも,https://www.google.com/maps/place/%E3%82%B9%E3%83%86%E3%83%BC%E3%82%AD%E3%81%AE%E3%81%8F%E3%81%84%E3%81%97%E3%82%93%E3%81%BC+%E6%81%B5%E6%AF%94%E5%AF%BF%E5%BA%97/data=!4m2!3m1!1s0x60188b40e4690bb7:0xbb5247b44412b56e
恵比寿大龍軒,提供遅め,https://www.google.com/maps/place/%E6%81%B5%E6%AF%94%E5%AF%BF%E5%A4%A7%E9%BE%8D%E8%BB%92/data=!4m2!3m1!1s0x60188b40c205f805:0x546ebf8c98f40a41
ライオンのいるサーカス(カフェ・ランチ・女子会)恵比寿,,https://www.google.com/maps/place/%E3%83%A9%E3%82%A4%E3%82%AA%E3%83%B3%E3%81%AE%E3%81%84%E3%82%8B%E3%82%B5%E3%83%BC%E3%82%AB%E3%82%B9(%E3%82%AB%E3%83%95%E3%82%A7%E3%83%BB%E3%83%A9%E3%83%B3%E3%83%81%E3%83%BB%E5%A5%B3%E5%AD%90%E4%BC%9A)%E6%81%B5%E6%AF%94%E5%AF%BF/data=!4m2!3m1!1s0x60188b40c1d8a77b:0x320acfe13751a41d
恵比寿ガパオ食堂,,https://www.google.com/maps/place/%E6%81%B5%E6%AF%94%E5%AF%BF%E3%82%AC%E3%83%91%E3%82%AA%E9%A3%9F%E5%A0%82/data=!4m2!3m1!1s0x60188b40dbbc0d75:0x69f699fd8f859e80
がらく 恵比寿南店,,https://www.google.com/maps/place/%E3%81%8C%E3%82%89%E3%81%8F+%E6%81%B5%E6%AF%94%E5%AF%BF%E5%8D%97%E5%BA%97/data=!4m2!3m1!1s0x60188b40c358ecb9:0x8c89e9fda5c66531
どんく,,https://www.google.com/maps/place/%E3%81%A9%E3%82%93%E3%81%8F/data=!4m2!3m1!1s0x60188b416b1be5fd:0x60e14b79a9403cca
恵比寿つきのうさぎ,,https://www.google.com/maps/place/%E6%81%B5%E6%AF%94%E5%AF%BF%E3%81%A4%E3%81%8D%E3%81%AE%E3%81%86%E3%81%95%E3%81%8E/data=!4m2!3m1!1s0x60188be16bb6cc01:0xb417f9cddeefe27e
ひまわり,,https://www.google.com/maps/place/%E3%81%B2%E3%81%BE%E3%82%8F%E3%82%8A/data=!4m2!3m1!1s0x60188b4176863da5:0x1e1cf1eb5e8d30e5
十割蕎麦 さ竹 恵比寿店,,https://www.google.com/maps/place/%E5%8D%81%E5%89%B2%E8%95%8E%E9%BA%A6+%E3%81%95%E7%AB%B9+%E6%81%B5%E6%AF%94%E5%AF%BF%E5%BA%97/data=!4m2!3m1!1s0x60188b41b0ec6637:0xb2028e0a7f99277
タイ屋台ラオラオ,,https://www.google.com/maps/place/%E3%82%BF%E3%82%A4%E5%B1%8B%E5%8F%B0%E3%83%A9%E3%82%AA%E3%83%A9%E3%82%AA/data=!4m2!3m1!1s0x60188b3ffe5e8d41:0x1c017fbcf610aa2c
麺亭しま田,,https://www.google.com/maps/place/%E9%BA%BA%E4%BA%AD%E3%81%97%E3%81%BE%E7%94%B0/data=!4m2!3m1!1s0x60188b713acc6955:0xbd6e2e238ae280d2
てけてけ 恵比寿東口店,,https://www.google.com/maps/place/%E3%81%A6%E3%81%91%E3%81%A6%E3%81%91+%E6%81%B5%E6%AF%94%E5%AF%BF%E6%9D%B1%E5%8F%A3%E5%BA%97/data=!4m2!3m1!1s0x60188b8e3e84f355:0x25b206f3b8537093
恵比寿 いっちょかみ はなれ,,https://www.google.com/maps/place/%E6%81%B5%E6%AF%94%E5%AF%BF+%E3%81%84%E3%81%A3%E3%81%A1%E3%82%87%E3%81%8B%E3%81%BF+%E3%81%AF%E3%81%AA%E3%82%8C/data=!4m2!3m1!1s0x60188b007fab4bd5:0x8af7e6a771594c64
和食居酒屋 恵比寿 凛音,,https://www.google.com/maps/place/%E5%92%8C%E9%A3%9F%E5%B1%85%E9%85%92%E5%B1%8B+%E6%81%B5%E6%AF%94%E5%AF%BF+%E5%87%9B%E9%9F%B3/data=!4m2!3m1!1s0x60188b41124ac3ad:0xb957c35c94df4210
みなと食堂,,https://www.google.com/maps/place/%E3%81%BF%E3%81%AA%E3%81%A8%E9%A3%9F%E5%A0%82/data=!4m2!3m1!1s0x60188b41b05b4e95:0x81764fdadb0e2083
らんまん食堂 恵比寿店,,https://www.google.com/maps/place/%E3%82%89%E3%82%93%E3%81%BE%E3%82%93%E9%A3%9F%E5%A0%82+%E6%81%B5%E6%AF%94%E5%AF%BF%E5%BA%97/data=!4m2!3m1!1s0x60188b4161bdb593:0x937c31fd0f958183
ラーメン 暖暮 恵比寿南店,,https://www.google.com/maps/place/%E3%83%A9%E3%83%BC%E3%83%A1%E3%83%B3+%E6%9A%96%E6%9A%AE+%E6%81%B5%E6%AF%94%E5%AF%BF%E5%8D%97%E5%BA%97/data=!4m2!3m1!1s0x60188b2251d369f1:0x355b63cee723c97f
博多うどん酒場 イチカバチカ恵比寿店,,https://www.google.com/maps/place/%E5%8D%9A%E5%A4%9A%E3%81%86%E3%81%A9%E3%82%93%E9%85%92%E5%A0%B4+%E3%82%A4%E3%83%81%E3%82%AB%E3%83%90%E3%83%81%E3%82%AB%E6%81%B5%E6%AF%94%E5%AF%BF%E5%BA%97/data=!4m2!3m1!1s0x60188b405f924047:0xc96c18c7a281ce0
ほの字 恵比寿店,,https://www.google.com/maps/place/%E3%81%BB%E3%81%AE%E5%AD%97+%E6%81%B5%E6%AF%94%E5%AF%BF%E5%BA%97/data=!4m2!3m1!1s0x60188b41676b600b:0xc5228286e07fdf76
恵比寿ハジカミ,,https://www.google.com/maps/place/%E6%81%B5%E6%AF%94%E5%AF%BF%E3%83%8F%E3%82%B8%E3%82%AB%E3%83%9F/data=!4m2!3m1!1s0x60188b583fbd564b:0x58e52959bf10e957
